{
  "rows": [
    {
      "D0_l2_diff": 0.0,
      "D0_max_abs_diff": 0.0,
      "D0_mean_abs_diff": 0.0,
      "D0_positive_fraction": 0.992773261065944,
      "D0_positive_fraction_delta": 0.0,
      "D1_l2_diff": 0.0,
      "D1_max_abs_diff": 0.0,
      "D1_mean_abs_diff": 0.0,
      "D1_positive_fraction": 0.988256549232159,
      "D1_positive_fraction_delta": 0.0,
      "M_alpha": 240,
      "N": 80,
      "V0_l2_diff": 0.0,
      "V0_max_abs_diff": 0.0,
      "V0_mean_abs_diff": 0.0,
      "V1_l2_diff": 0.0,
      "V1_max_abs_diff": 0.0,
      "V1_mean_abs_diff": 0.0,
      "baseline_config": "N80_M240",
      "baseline_mapping_max_distance": 0.0,
      "baseline_mapping_mean_distance": 0.0,
      "config": "N80_M240",
      "is_baseline": 1,
      "memory_estimated_total_payload_mb": 46.300578117370605,
      "memory_peak_rss_mb": 746.484375,
      "projection_max_distance": 0.010202326171430178,
      "projection_mean_distance": 0.005901645626979273,
      "projection_p95_distance": 0.009065493977232091,
      "runtime_V0_pass": 0.04316333299999986,
      "runtime_V1_pass": 0.04601824999999948,
      "runtime_bellman_solve": 0.0896765420000003,
      "runtime_phase1_solve": 0.2768347499999999,
      "runtime_preprocessing": 1.837065375,
      "runtime_total_without_plot": 2.4249787919999997,
      "stage0_alpha_disagreement_rate_all": 0.0,
      "stage0_alpha_disagreement_rate_measure_pairs": 0.0,
      "stage0_continuation_fraction": 0.992773261065944,
      "stage0_continuation_fraction_delta": 0.0,
      "stage0_decision_disagreement_rate": 0.0,
      "stage1_alpha_disagreement_rate_all": 0.0,
      "stage1_alpha_disagreement_rate_measure_pairs": 0.0,
      "stage1_continuation_fraction": 0.988256549232159,
      "stage1_continuation_fraction_delta": 0.0,
      "stage1_decision_disagreement_rate": 0.0,
      "symmetry_max_abs_diff_D0_cyclic": 0.003433794309210536,
      "symmetry_max_abs_diff_D1_cyclic": 0.003433794309210425,
      "symmetry_max_abs_diff_V0_cyclic": 6.661338147750939e-16,
      "symmetry_max_abs_diff_V1_cyclic": 0.003433794309210425
    },
    {
      "D0_l2_diff": 0.0036108444795943367,
      "D0_max_abs_diff": 0.021255138252399663,
      "D0_mean_abs_diff": 0.002755587482642405,
      "D0_positive_fraction": 0.9895470383275261,
      "D0_positive_fraction_delta": 0.0,
      "D1_l2_diff": 0.0045040931478508225,
      "D1_max_abs_diff": 0.012499992067305121,
      "D1_mean_abs_diff": 0.0037299292611057294,
      "D1_positive_fraction": 0.9860627177700348,
      "D1_positive_fraction_delta": 0.0,
      "M_alpha": 240,
      "N": 40,
      "V0_l2_diff": 0.0052250613344996645,
      "V0_max_abs_diff": 0.009868873588848137,
      "V0_mean_abs_diff": 0.004749011624567801,
      "V1_l2_diff": 0.0045040931478508225,
      "V1_max_abs_diff": 0.012499992067305121,
      "V1_mean_abs_diff": 0.0037299292611057294,
      "baseline_config": "N80_M240",
      "baseline_mapping_max_distance": 0.0,
      "baseline_mapping_mean_distance": 0.0,
      "config": "N40_M240",
      "is_baseline": 0,
      "memory_estimated_total_payload_mb": 12.004752159118652,
      "memory_peak_rss_mb": 796.140625,
      "projection_max_distance": 0.0203822187228817,
      "projection_mean_distance": 0.011417487401516484,
      "projection_p95_distance": 0.018002490927893487,
      "runtime_V0_pass": 0.013475499999999307,
      "runtime_V1_pass": 0.011194750000000475,
      "runtime_bellman_solve": 0.02485445800000008,
      "runtime_phase1_solve": 0.057966625000000604,
      "runtime_preprocessing": 0.4486813750000005,
      "runtime_total_without_plot": 0.6043123750000001,
      "stage0_alpha_disagreement_rate_all": 0.9686411149825784,
      "stage0_alpha_disagreement_rate_measure_pairs": 0.9788732394366197,
      "stage0_continuation_fraction": 0.9895470383275261,
      "stage0_continuation_fraction_delta": 0.0,
      "stage0_decision_disagreement_rate": 0.0,
      "stage1_alpha_disagreement_rate_all": 0.975609756097561,
      "stage1_alpha_disagreement_rate_measure_pairs": 0.9893992932862191,
      "stage1_continuation_fraction": 0.9860627177700348,
      "stage1_continuation_fraction_delta": 0.0,
      "stage1_decision_disagreement_rate": 0.0,
      "symmetry_max_abs_diff_D0_cyclic": 5.551115123125783e-16,
      "symmetry_max_abs_diff_D1_cyclic": 3.3306690738754696e-16,
      "symmetry_max_abs_diff_V0_cyclic": 5.551115123125783e-16,
      "symmetry_max_abs_diff_V1_cyclic": 3.3306690738754696e-16
    },
    {
      "D0_l2_diff": 0.0023520394216233,
      "D0_max_abs_diff": 0.007451113578479052,
      "D0_mean_abs_diff": 0.0018795253144900652,
      "D0_positive_fraction": 0.9918710201869665,
      "D0_positive_fraction_delta": -0.0012193469719550265,
      "D1_l2_diff": 0.0032456273009217646,
      "D1_max_abs_diff": 0.01192688501973499,
      "D1_mean_abs_diff": 0.0025801564266184408,
      "D1_positive_fraction": 0.9898387752337082,
      "D1_positive_fraction_delta": 0.001625795962606702,
      "M_alpha": 240,
      "N": 120,
      "V0_l2_diff": 0.0026892454911009557,
      "V0_max_abs_diff": 0.009994787940530658,
      "V0_mean_abs_diff": 0.002216837713273319,
      "V1_l2_diff": 0.003557081455980477,
      "V1_max_abs_diff": 0.010386272440929933,
      "V1_mean_abs_diff": 0.0028486751799828834,
      "baseline_config": "N80_M240",
      "baseline_mapping_max_distance": 0.01020620726159662,
      "baseline_mapping_mean_distance": 0.00614026685370586,
      "config": "N120_M240",
      "is_baseline": 0,
      "memory_estimated_total_payload_mb": 102.90322780609131,
      "memory_peak_rss_mb": 1716.890625,
      "projection_max_distance": 0.006804138174397714,
      "projection_mean_distance": 0.003982252880140559,
      "projection_p95_distance": 0.00605746688306025,
      "runtime_V0_pass": 0.09029600000000038,
      "runtime_V1_pass": 0.10728029200000044,
      "runtime_bellman_solve": 0.19820466600000053,
      "runtime_phase1_solve": 0.5225285,
      "runtime_preprocessing": 3.9204160420000003,
      "runtime_total_without_plot": 5.085424249999999,
      "stage0_alpha_disagreement_rate_all": 0.9474325972090503,
      "stage0_alpha_disagreement_rate_measure_pairs": 0.9539680371533944,
      "stage0_continuation_fraction": 0.9918710201869665,
      "stage0_continuation_fraction_delta": -0.0012193469719550265,
      "stage0_decision_disagreement_rate": 0.0012193469719550196,
      "stage1_alpha_disagreement_rate_all": 0.939032651402249,
      "stage1_alpha_disagreement_rate_measure_pairs": 0.947722283205269,
      "stage1_continuation_fraction": 0.9898387752337082,
      "stage1_continuation_fraction_delta": 0.001625795962606702,
      "stage1_decision_disagreement_rate": 0.003251591925213386,
      "symmetry_max_abs_diff_D0_cyclic": 0.0008574005943404739,
      "symmetry_max_abs_diff_D1_cyclic": 0.0008574005943404739,
      "symmetry_max_abs_diff_V0_cyclic": 6.661338147750939e-16,
      "symmetry_max_abs_diff_V1_cyclic": 0.0008574005943404739
    },
    {
      "D0_l2_diff": 0.001066289482696438,
      "D0_max_abs_diff": 0.0038941982849889367,
      "D0_mean_abs_diff": 0.000696239533971952,
      "D0_positive_fraction": 0.991869918699187,
      "D0_positive_fraction_delta": -0.0009033423667570428,
      "D1_l2_diff": 0.0009554266135388006,
      "D1_max_abs_diff": 0.0048550564014542275,
      "D1_mean_abs_diff": 0.0003811429732796647,
      "D1_positive_fraction": 0.986449864498645,
      "D1_positive_fraction_delta": -0.0018066847335139746,
      "M_alpha": 120,
      "N": 80,
      "V0_l2_diff": 0.0008213969791107859,
      "V0_max_abs_diff": 0.003084267550755082,
      "V0_mean_abs_diff": 0.0005496115087961064,
      "V1_l2_diff": 0.0009554266135388006,
      "V1_max_abs_diff": 0.0048550564014542275,
      "V1_mean_abs_diff": 0.0003811429732796647,
      "baseline_config": "N80_M240",
      "baseline_mapping_max_distance": 0.0,
      "baseline_mapping_mean_distance": 0.0,
      "config": "N80_M120",
      "is_baseline": 0,