{
  "action_stability": {
    "stage0": {
      "change_fraction_all_edges": 0.9233539094650206,
      "change_fraction_measure_pairs": 0.9233065678402306,
      "measure_pair_edges": 9714,
      "neighbor_edges": 9720
    },
    "stage1": {
      "change_fraction_all_edges": 0.9569958847736626,
      "change_fraction_measure_pairs": 0.9569693226271361,
      "measure_pair_edges": 9714,
      "neighbor_edges": 9720
    }
  },
  "branch_statistics": {
    "stage0_measure_fraction": 0.999096657633243,
    "stage0_stop_fraction": 0.0009033423667570428,
    "stage1_measure_fraction": 0.999096657633243,
    "stage1_stop_fraction": 0.0009033423667570428
  },
  "c_meas": 0.0,
  "decision_tol": 1e-12,
  "map_consistency": {
    "large_negative_count_D0": 0,
    "large_negative_count_D1": 0,
    "min_D0_raw": 0.0,
    "min_D1_raw": 0.0,
    "tiny_negative_count_D0": 0,
    "tiny_negative_count_D1": 0
  },
  "symmetry_spot_check": {
    "max_abs_diff_D0_cyclic": 0.003433794309210647,
    "max_abs_diff_D1_cyclic": 0.003433794309210425,
    "max_abs_diff_V0_cyclic": 6.661338147750939e-16,
    "max_abs_diff_V1_cyclic": 0.003433794309210425,
    "max_abs_diff_V2_cyclic": 0.0
  },
  "timing_seconds": {
    "bellman_solve": 0.028960125000000003,
    "stage0_pass": 0.014428875000000008,
    "stage1_pass": 0.014387291999999996,
    "total_with_precompute": 0.54520475
  },
  "tiny_negative_tol": 1e-10,
  "transition_checks": {
    "n_alpha": 240,
    "n_beliefs": 3321,
    "nonnegativity": {
      "min_posterior_coordinate": 0.0,
      "min_probability": 0.0,
      "pass_posterior": true,
      "pass_probability": true,
      "tolerance": 1e-12
    },
    "posterior_normalization": {
      "max_abs_residual": 4.440892098500626e-16,
      "pass": true,
      "tolerance": 1e-12
    },
    "probability_normalization": {
      "max_abs_residual": 6.661338147750939e-16,
      "pass": true,
      "tolerance": 1e-12
    },
    "projection_audit": {
      "max_distance": 0.010202326171430178,
      "mean_distance": 0.005901645626979273,
      "metric": "l2_belief_space",
      "p95_distance": 0.009065493977232091
    },
    "timing_seconds": {
      "precompute_transition_cache": 0.516244625
    },
    "zero_probability_events": 3
  }
}