{
  "D0_abs_error": {
    "baseline": {
      "max": 0.00538914293404269,
      "mean": 0.002685119658963467,
      "median": 0.0026184543870860777
    },
    "coarse": {
      "max": 0.02282078588108105,
      "mean": 0.010930891751175393,
      "median": 0.007296869117288052
    },
    "refined": {
      "max": 0.005722403762134953,
      "mean": 0.0022540128509983327,
      "median": 0.001391314048643233
    }
  },
  "D0_sign_flips_vs_exact": {
    "baseline": 6,
    "coarse": 6,
    "refined": 0
  },
  "alpha_dense": 360,
  "baseline": "N80_M240",
  "c_meas": 0.02,
  "coarse": "N40_M240",
  "n_points": 40,
  "refined": "N120_M240"
}